run,mesh_res,error_u,error_p
0,4,26.30005,0.03133
1,6,11.97420,0.01464
2,8,6.79226,0.00838
3,10,4.36393,0.00540
4,12,3.03689,0.00377
