run,mesh_res,error_u,error_p
0,2,9.13818,0.09469
1,3,4.60103,0.05186
2,4,2.75883,0.03199
3,5,1.81813,0.02132
4,6,1.27780,0.01505
5,7,0.93759,0.01108
6,8,0.71073,0.00842
7,9,0.55232,0.00655
8,10,0.43767,0.00520
9,11,0.35229,0.00418
10,12,0.28723,0.00340
