run,mesh_res,error_u,error_p
0,2,8.22730,0.00852
1,4,2.50219,0.00291
2,6,1.60805,0.00181
3,8,1.02228,0.00114
4,10,0.70467,0.00078
