run,mesh_res,error_u
0,2,0.55094
1,3,0.23091
2,4,0.12473
3,5,0.07812
