run,mesh_res,error_u
0,2,0.06228
1,3,0.02836
2,4,0.01616
3,5,0.01043
4,6,0.00728
5,7,0.00537
6,8,0.00413
7,9,0.00327
8,10,0.00265
