increment,energy
0.000000,0.000000e+00
0.066667,1.853433e-02
0.133333,3.925246e-02
0.200000,7.237137e-02
0.266667,1.158705e-01
0.333333,1.678217e-01
0.400000,2.261891e-01
0.466667,2.892830e-01
0.533333,3.563091e-01
0.600000,4.273845e-01
0.666667,5.031868e-01
0.733333,5.846109e-01
0.800000,6.725724e-01
0.866667,7.679157e-01
0.933333,8.713740e-01
1.000000,9.835511e-01
