increment,energy
0.000000,0.000000e+00
0.066667,3.297065e-02
0.133333,5.411373e-02
0.200000,8.927809e-02
0.266667,1.372646e-01
0.333333,1.968172e-01
0.400000,2.671699e-01
0.466667,3.491468e-01
0.533333,4.453173e-01
0.600000,5.583389e-01
0.666667,6.889746e-01
0.733333,8.370164e-01
