increment,energy
0.000000,0.000000e+00
0.066667,7.078820e-03
0.133333,2.812870e-02
0.200000,6.165846e-02
0.266667,1.055231e-01
0.333333,1.577128e-01
0.400000,2.161420e-01
0.466667,2.791217e-01
0.533333,3.458749e-01
0.600000,4.165160e-01
0.666667,4.917024e-01
0.733333,5.723102e-01
0.800000,6.592452e-01
0.866667,7.533519e-01
0.933333,8.553692e-01
1.000000,9.659116e-01
