increment,energy
0.000000,0.000000e+00
0.066667,7.084581e-03
0.133333,2.867499e-02
0.200000,6.418791e-02
0.266667,1.120077e-01
0.333333,1.706740e-01
0.400000,2.393525e-01
0.466667,3.186702e-01
0.533333,4.106829e-01
0.600000,5.176912e-01
0.666667,6.409705e-01
0.733333,7.808878e-01
0.800000,9.378610e-01
0.866667,1.112525e+00
0.933333,1.305396e+00
1.000000,1.516718e+00
