increment,energy
0.000000,0.000000e+00
0.066667,1.108709e-02
0.133333,3.642644e-02
0.200000,7.361606e-02
0.266667,1.193612e-01
0.333333,1.706476e-01
0.400000,2.250922e-01
0.466667,2.815039e-01
0.533333,3.397065e-01
0.600000,4.000117e-01
0.666667,4.628216e-01
0.733333,5.284436e-01
0.800000,5.970370e-01
0.866667,6.686193e-01
0.933333,7.430946e-01
1.000000,8.202867e-01
