increment,energy
0.000000,0.000000e+00
0.066667,7.081154e-03
0.133333,2.816721e-02
0.200000,6.181915e-02
0.266667,1.058945e-01
0.333333,1.583367e-01
0.400000,2.169846e-01
0.466667,2.800822e-01
0.533333,3.468257e-01
0.600000,4.173435e-01
0.666667,4.923268e-01
0.733333,5.726872e-01
0.800000,6.593598e-01
0.866667,7.532099e-01
0.933333,8.549894e-01
1.000000,9.653191e-01
