increment,energy
0.000000,0.000000e+00
0.066667,1.503389e-03
0.133333,6.001806e-03
0.200000,1.346016e-02
0.266667,2.382052e-02
0.333333,3.700304e-02
0.400000,5.290728e-02
0.466667,7.141404e-02
0.533333,9.238769e-02
0.600000,1.156789e-01
0.666667,1.411278e-01
0.733333,1.685671e-01
0.800000,1.978256e-01
0.866667,2.287314e-01
0.933333,2.611151e-01
1.000000,2.948126e-01
